{
    "accuracy": 0.5944055944055944,
    "weighted_f1": 0.5928229390364351
}